"FetchDate","Team","Jersey","Name","Position","Height","Weight","URL"
"2019-12-01 00:00:00","Atlanta Hawks","95","DeAndre' Bembry","Guard-Forward","6 ft 5 in","210 lbs","https://www.nba.com/players/deandre'/bembry/1627761"
"2019-12-01 00:00:00","Atlanta Hawks","4","Charles Brown Jr.","Guard","6 ft 6 in","199 lbs","https://www.nba.com/players/charles/brown_jr./1629718"
"2019-12-01 00:00:00","Atlanta Hawks","15","Vince Carter","Guard-Forward","6 ft 6 in","220 lbs","https://www.nba.com/players/vince/carter/1713"
"2019-12-01 00:00:00","Atlanta Hawks","20","John Collins","Forward","6 ft 9 in","235 lbs","https://www.nba.com/players/john/collins/1628381"
"2019-12-01 00:00:00","Atlanta Hawks","33","Allen Crabbe","Guard-Forward","6 ft 5 in","212 lbs","https://www.nba.com/players/allen/crabbe/203459"
"2019-12-01 00:00:00","Atlanta Hawks","24","Bruno Fernando","Forward-Center","6 ft 9 in","240 lbs","https://www.nba.com/players/bruno/fernando/1628981"
"2019-12-01 00:00:00","Atlanta Hawks","0","Brandon Goodwin","Guard","6 ft 0 in","180 lbs","https://www.nba.com/players/brandon/goodwin/1629164"
"2019-12-01 00:00:00","Atlanta Hawks","3","Kevin Huerter","Guard-Forward","6 ft 7 in","190 lbs","https://www.nba.com/players/kevin/huerter/1628989"
"2019-12-01 00:00:00","Atlanta Hawks","12","De'Andre Hunter","Forward-Guard","6 ft 7 in","225 lbs","https://www.nba.com/players/de'andre/hunter/1629631"
"2019-12-01 00:00:00","Atlanta Hawks","30","Damian Jones","Center","6 ft 11 in","245 lbs","https://www.nba.com/players/damian/jones/1627745"
"2019-12-01 00:00:00","Atlanta Hawks","25","Alex Len","Center","7 ft 0 in","250 lbs","https://www.nba.com/players/alex/len/203458"
"2019-12-01 00:00:00","Atlanta Hawks","5","Jabari Parker","Forward","6 ft 8 in","245 lbs","https://www.nba.com/players/jabari/parker/203953"
"2019-12-01 00:00:00","Atlanta Hawks","31","Chandler Parsons","Forward","6 ft 9 in","230 lbs","https://www.nba.com/players/chandler/parsons/202718"
"2019-12-01 00:00:00","Atlanta Hawks","22","Cam Reddish","Forward-Guard","6 ft 8 in","218 lbs","https://www.nba.com/players/cam/reddish/1629629"
"2019-12-01 00:00:00","Atlanta Hawks","1","Evan Turner","Guard-Forward","6 ft 6 in","220 lbs","https://www.nba.com/players/evan/turner/202323"
"2019-12-01 00:00:00","Atlanta Hawks","8","Tyrone Wallace","Guard","6 ft 5 in","198 lbs","https://www.nba.com/players/tyrone/wallace/1627820"
"2019-12-01 00:00:00","Atlanta Hawks","11","Trae Young","Guard","6 ft 1 in","180 lbs","https://www.nba.com/players/trae/young/1629027"
"2019-12-01 00:00:00","Boston Celtics","7","Jaylen Brown","Guard-Forward","6 ft 6 in","223 lbs","https://www.nba.com/players/jaylen/brown/1627759"
"2019-12-01 00:00:00","Boston Celtics","4","Carsen Edwards","Guard","5 ft 11 in","200 lbs","https://www.nba.com/players/carsen/edwards/1629035"
"2019-12-01 00:00:00","Boston Celtics","99","Tacko Fall","Center","7 ft 5 in","311 lbs","https://www.nba.com/players/tacko/fall/1629605"
"2019-12-01 00:00:00","Boston Celtics","43","Javonte Green","Guard-Forward","6 ft 4 in","205 lbs","https://www.nba.com/players/javonte/green/1629750"
"2019-12-01 00:00:00","Boston Celtics","20","Gordon Hayward","Forward","6 ft 7 in","225 lbs","https://www.nba.com/players/gordon/hayward/202330"
"2019-12-01 00:00:00","Boston Celtics","11","Enes Kanter","Center","6 ft 10 in","250 lbs","https://www.nba.com/players/enes/kanter/202683"
"2019-12-01 00:00:00","Boston Celtics","45","Romeo Langford","Guard-Forward","6 ft 4 in","216 lbs","https://www.nba.com/players/romeo/langford/1629641"
"2019-12-01 00:00:00","Boston Celtics","37","Semi Ojeleye","Forward","6 ft 6 in","240 lbs","https://www.nba.com/players/semi/ojeleye/1628400"
"2019-12-01 00:00:00","Boston Celtics","77","Vincent Poirier","Center-Forward","7 ft 0 in","235 lbs","https://www.nba.com/players/vincent/poirier/1629738"
"2019-12-01 00:00:00","Boston Celtics","36","Marcus Smart","Guard","6 ft 3 in","220 lbs","https://www.nba.com/players/marcus/smart/203935"
"2019-12-01 00:00:00","Boston Celtics","0","Jayson Tatum","Forward-Guard","6 ft 8 in","210 lbs","https://www.nba.com/players/jayson/tatum/1628369"
"2019-12-01 00:00:00","Boston Celtics","27","Daniel Theis","Forward-Center","6 ft 8 in","245 lbs","https://www.nba.com/players/daniel/theis/1628464"
"2019-12-01 00:00:00","Boston Celtics","8","Kemba Walker","Guard","6 ft 0 in","184 lbs","https://www.nba.com/players/kemba/walker/202689"
"2019-12-01 00:00:00","Boston Celtics","9","Brad Wanamaker","Guard","6 ft 3 in","210 lbs","https://www.nba.com/players/brad/wanamaker/202954"
"2019-12-01 00:00:00","Boston Celtics","51","Tremont Waters","Guard","5 ft 10 in","175 lbs","https://www.nba.com/players/tremont/waters/1629682"
"2019-12-01 00:00:00","Boston Celtics","12","Grant Williams","Forward","6 ft 6 in","236 lbs","https://www.nba.com/players/grant/williams/1629684"
"2019-12-01 00:00:00","Boston Celtics","44","Robert Williams III","Center-Forward","6 ft 8 in","237 lbs","https://www.nba.com/players/robert/williams_iii/1629057"
"2019-12-01 00:00:00","Brooklyn Nets","31","Jarrett Allen","Center","6 ft 11 in","243 lbs","https://www.nba.com/players/jarrett/allen/1628386"
"2019-12-01 00:00:00","Brooklyn Nets","21","Wilson Chandler","Forward","6 ft 8 in","235 lbs","https://www.nba.com/players/wilson/chandler/201163"
"2019-12-01 00:00:00","Brooklyn Nets","33","Nicolas Claxton","Forward-Center","6 ft 11 in","215 lbs","https://www.nba.com/players/nicolas/claxton/1629651"
"2019-12-01 00:00:00","Brooklyn Nets","8","Spencer Dinwiddie","Guard","6 ft 5 in","215 lbs","https://www.nba.com/players/spencer/dinwiddie/203915"
"2019-12-01 00:00:00","Brooklyn Nets","7","Kevin Durant","Forward","6 ft 10 in","240 lbs","https://www.nba.com/players/kevin/durant/201142"
"2019-12-01 00:00:00","Brooklyn Nets","4","Henry Ellenson","Forward-Center","6 ft 10 in","240 lbs","https://www.nba.com/players/henry/ellenson/1627740"
"2019-12-01 00:00:00","Brooklyn Nets","12","Joe Harris","Guard-Forward","6 ft 6 in","220 lbs","https://www.nba.com/players/joe/harris/203925"
"2019-12-01 00:00:00","Brooklyn Nets","11","Kyrie Irving","Guard","6 ft 2 in","195 lbs","https://www.nba.com/players/kyrie/irving/202681"
"2019-12-01 00:00:00","Brooklyn Nets","6","DeAndre Jordan","Center","6 ft 11 in","265 lbs","https://www.nba.com/players/deandre/jordan/201599"
"2019-12-01 00:00:00","Brooklyn Nets","00","Rodions Kurucs","Forward","6 ft 9 in","228 lbs","https://www.nba.com/players/rodions/kurucs/1629066"
"2019-12-01 00:00:00","Brooklyn Nets","22","Caris LeVert","Guard","6 ft 6 in","205 lbs","https://www.nba.com/players/caris/levert/1627747"
"2019-12-01 00:00:00","Brooklyn Nets","15","Timothe Luwawu-Cabarrot","Guard-Forward","6 ft 7 in","220 lbs","https://www.nba.com/players/timothe/luwawu-cabarrot/1627789"
"2019-12-01 00:00:00","Brooklyn Nets","13","Dzanan Musa","Guard-Forward","6 ft 9 in","217 lbs","https://www.nba.com/players/dzanan/musa/1629058"
"2019-12-01 00:00:00","Brooklyn Nets","0","David Nwaba","Guard-Forward","6 ft 5 in","219 lbs","https://www.nba.com/players/david/nwaba/1628021"
"2019-12-01 00:00:00","Brooklyn Nets","1","Theo Pinson","Guard-Forward","6 ft 5 in","212 lbs","https://www.nba.com/players/theo/pinson/1629033"
"2019-12-01 00:00:00","Brooklyn Nets","2","Taurean Prince","Forward","6 ft 7 in","218 lbs","https://www.nba.com/players/taurean/prince/1627752"
"2019-12-01 00:00:00","Brooklyn Nets","10","Iman Shumpert","Guard","6 ft 5 in","212 lbs","https://www.nba.com/players/iman/shumpert/202697"
"2019-12-01 00:00:00","Brooklyn Nets","17","Garrett Temple","Guard-Forward","6 ft 5 in","195 lbs","https://www.nba.com/players/garrett/temple/202066"
"2019-12-01 00:00:00","Charlotte Hornets","7","Dwayne Bacon","Guard-Forward","6 ft 6 in","221 lbs","https://www.nba.com/players/dwayne/bacon/1628407"
"2019-12-01 00:00:00","Charlotte Hornets","5","Nicolas Batum","Guard-Forward","6 ft 9 in","230 lbs","https://www.nba.com/players/nicolas/batum/201587"
"2019-12-01 00:00:00","Charlotte Hornets","8","Bismack Biyombo","Center","6 ft 8 in","255 lbs","https://www.nba.com/players/bismack/biyombo/202687"
"2019-12-01 00:00:00","Charlotte Hornets","0","Miles Bridges","Forward","6 ft 6 in","225 lbs","https://www.nba.com/players/miles/bridges/1628970"
"2019-12-01 00:00:00","Charlotte Hornets","22","Robert Franks","Forward","6 ft 7 in","225 lbs","https://www.nba.com/players/robert/franks/1629606"
"2019-12-01 00:00:00","Charlotte Hornets","4","Devonte' Graham","Guard","6 ft 1 in","195 lbs","https://www.nba.com/players/devonte'/graham/1628984"
"2019-12-01 00:00:00","Charlotte Hornets","9","Willy Hernangomez","Center-Forward","6 ft 11 in","250 lbs","https://www.nba.com/players/willy/hernangomez/1626195"
"2019-12-01 00:00:00","Charlotte Hornets","14","Michael Kidd-Gilchrist","Forward","6 ft 6 in","232 lbs","https://www.nba.com/players/michael/kidd-gilchrist/203077"
"2019-12-01 00:00:00","Charlotte Hornets","10","Caleb Martin","Forward","6 ft 5 in","205 lbs","https://www.nba.com/players/caleb/martin/1628997"
"2019-12-01 00:00:00","Charlotte Hornets","11","Cody Martin","Forward","6 ft 5 in","205 lbs","https://www.nba.com/players/cody/martin/1628998"
"2019-12-01 00:00:00","Charlotte Hornets","6","Jalen McDaniels","Forward-Center","6 ft 10 in","205 lbs","https://www.nba.com/players/jalen/mcdaniels/1629667"
"2019-12-01 00:00:00","Charlotte Hornets","1","Malik Monk","Guard","6 ft 3 in","200 lbs","https://www.nba.com/players/malik/monk/1628370"
"2019-12-01 00:00:00","Charlotte Hornets","3","Terry Rozier","Guard","6 ft 1 in","190 lbs","https://www.nba.com/players/terry/rozier/1626179"
"2019-12-01 00:00:00","Charlotte Hornets","23","Kobi Simmons","Guard","6 ft 5 in","166 lbs","https://www.nba.com/players/kobi/simmons/1628424"
"2019-12-01 00:00:00","Charlotte Hornets","25","P.J. Washington","Forward","6 ft 7 in","230 lbs","https://www.nba.com/players/p.j./washington/1629023"
"2019-12-01 00:00:00","Charlotte Hornets","2","Marvin Williams","Forward","6 ft 8 in","237 lbs","https://www.nba.com/players/marvin/williams/101107"
"2019-12-01 00:00:00","Charlotte Hornets","40","Cody Zeller","Forward-Center","7 ft 0 in","240 lbs","https://www.nba.com/players/cody/zeller/203469"
"2019-12-01 00:00:00","Chicago Bulls","51","Ryan Arcidiacono","Guard","6 ft 3 in","195 lbs","https://www.nba.com/players/ryan/arcidiacono/1627853"
"2019-12-01 00:00:00","Chicago Bulls","34","Wendell Carter Jr.","Center-Forward","6 ft 9 in","270 lbs","https://www.nba.com/players/wendell/carter_jr./1628976"
"2019-12-01 00:00:00","Chicago Bulls","32","Kris Dunn","Guard","6 ft 3 in","205 lbs","https://www.nba.com/players/kris/dunn/1627739"
"2019-12-01 00:00:00","Chicago Bulls","6","Cristiano Felicio","Forward-Center","6 ft 10 in","270 lbs","https://www.nba.com/players/cristiano/felicio/1626245"
"2019-12-01 00:00:00","Chicago Bulls","12","Daniel Gafford","Forward-Center","6 ft 10 in","234 lbs","https://www.nba.com/players/daniel/gafford/1629655"
"2019-12-01 00:00:00","Chicago Bulls","3","Shaquille Harrison","Guard","6 ft 7 in","190 lbs","https://www.nba.com/players/shaquille/harrison/1627885"
"2019-12-01 00:00:00","Chicago Bulls","15","Chandler Hutchison","Forward-Guard","6 ft 7 in","210 lbs","https://www.nba.com/players/chandler/hutchison/1628990"
"2019-12-01 00:00:00","Chicago Bulls","2","Luke Kornet","Forward-Center","7 ft 2 in","250 lbs","https://www.nba.com/players/luke/kornet/1628436"
"2019-12-01 00:00:00","Chicago Bulls","8","Zach LaVine","Guard-Forward","6 ft 6 in","200 lbs","https://www.nba.com/players/zach/lavine/203897"
"2019-12-01 00:00:00","Chicago Bulls","24","Lauri Markkanen","Forward-Center","7 ft 0 in","240 lbs","https://www.nba.com/players/lauri/markkanen/1628374"
"2019-12-01 00:00:00","Chicago Bulls","20","Adam Mokoka","Guard","6 ft 5 in","190 lbs","https://www.nba.com/players/adam/mokoka/1629690"
"2019-12-01 00:00:00","Chicago Bulls","22","Otto Porter Jr.","Forward","6 ft 8 in","198 lbs","https://www.nba.com/players/otto/porter_jr./203490"
"2019-12-01 00:00:00","Chicago Bulls","31","Tomas Satoransky","Guard","6 ft 7 in","210 lbs","https://www.nba.com/players/tomas/satoransky/203107"
"2019-12-01 00:00:00","Chicago Bulls","28","Max Strus","Guard-Forward","6 ft 5 in","215 lbs","https://www.nba.com/players/max/strus/1629622"
"2019-12-01 00:00:00","Chicago Bulls","45","Denzel Valentine","Guard","6 ft 4 in","220 lbs","https://www.nba.com/players/denzel/valentine/1627756"
"2019-12-01 00:00:00","Chicago Bulls","0","Coby White","Guard","6 ft 4 in","195 lbs","https://www.nba.com/players/coby/white/1629632"
"2019-12-01 00:00:00","Chicago Bulls","21","Thaddeus Young","Forward","6 ft 8 in","235 lbs","https://www.nba.com/players/thaddeus/young/201152"
"2019-12-01 00:00:00","Cleveland Cavaliers","8","Jordan Clarkson","Guard","6 ft 4 in","194 lbs","https://www.nba.com/players/jordan/clarkson/203903"
"2019-12-01 00:00:00","Cleveland Cavaliers","21","Tyler Cook","Forward","6 ft 8 in","255 lbs","https://www.nba.com/players/tyler/cook/1629076"
"2019-12-01 00:00:00","Cleveland Cavaliers","18","Matthew Dellavedova","Guard","6 ft 3 in","200 lbs","https://www.nba.com/players/matthew/dellavedova/203521"
"2019-12-01 00:00:00","Cleveland Cavaliers","10","Darius Garland","Guard","6 ft 1 in","192 lbs","https://www.nba.com/players/darius/garland/1629636"
"2019-12-01 00:00:00","Cleveland Cavaliers","31","John Henson","Forward-Center","6 ft 9 in","219 lbs","https://www.nba.com/players/john/henson/203089"
"2019-12-01 00:00:00","Cleveland Cavaliers","20","Brandon Knight","Guard","6 ft 2 in","182 lbs","https://www.nba.com/players/brandon/knight/202688"
"2019-12-01 00:00:00","Cleveland Cavaliers","0","Kevin Love","Forward-Center","6 ft 8 in","251 lbs","https://www.nba.com/players/kevin/love/201567"
"2019-12-01 00:00:00","Cleveland Cavaliers","28","Alfonzo McKinnie","Forward","6 ft 7 in","215 lbs","https://www.nba.com/players/alfonzo/mckinnie/1628035"
"2019-12-01 00:00:00","Cleveland Cavaliers","22","Larry Nance Jr.","Forward-Center","6 ft 7 in","245 lbs","https://www.nba.com/players/larry/nance_jr./1626204"
"2019-12-01 00:00:00","Cleveland Cavaliers","16","Cedi Osman","Forward","6 ft 7 in","230 lbs","https://www.nba.com/players/cedi/osman/1626224"
"2019-12-01 00:00:00","Cleveland Cavaliers","4","Kevin Porter Jr.","Guard-Forward","6 ft 4 in","203 lbs","https://www.nba.com/players/kevin/porter_jr./1629645"
"2019-12-01 00:00:00","Cleveland Cavaliers","2","Collin Sexton","Guard","6 ft 1 in","190 lbs","https://www.nba.com/players/collin/sexton/1629012"
"2019-12-01 00:00:00","Cleveland Cavaliers","13","Tristan Thompson","Center-Forward","6 ft 9 in","254 lbs","https://www.nba.com/players/tristan/thompson/202684"
"2019-12-01 00:00:00","Cleveland Cavaliers","32","Dean Wade","Forward-Center","6 ft 9 in","228 lbs","https://www.nba.com/players/dean/wade/1629731"
"2019-12-01 00:00:00","Cleveland Cavaliers","9","Dylan Windler","Guard-Forward","6 ft 6 in","196 lbs","https://www.nba.com/players/dylan/windler/1629685"
"2019-12-01 00:00:00","Cleveland Cavaliers","41","Ante Zizic","Center","6 ft 10 in","266 lbs","https://www.nba.com/players/ante/zizic/1627790"
"2019-12-01 00:00:00","Dallas Mavericks","5","J.J. Barea","Guard","5 ft 10 in","180 lbs","https://www.nba.com/players/j.j./barea/200826"
"2019-12-01 00:00:00","Dallas Mavericks","45","Ryan Broekhoff","Guard-Forward","6 ft 6 in","215 lbs","https://www.nba.com/players/ryan/broekhoff/1629151"
"2019-12-01 00:00:00","Dallas Mavericks","13","Jalen Brunson","Guard","6 ft 1 in","190 lbs","https://www.nba.com/players/jalen/brunson/1628973"
"2019-12-01 00:00:00","Dallas Mavericks","3","Antonius Cleveland","Guard","6 ft 5 in","195 lbs","https://www.nba.com/players/antonius/cleveland/1628499"
"2019-12-01 00:00:00","Dallas Mavericks","30","Seth Curry","Guard","6 ft 2 in","185 lbs","https://www.nba.com/players/seth/curry/203552"
"2019-12-01 00:00:00","Dallas Mavericks","77","Luka Doncic","Forward-Guard","6 ft 7 in","230 lbs","https://www.nba.com/players/luka/doncic/1629029"
"2019-12-01 00:00:00","Dallas Mavericks","10","Dorian Finney-Smith","Forward","6 ft 7 in","220 lbs","https://www.nba.com/players/dorian/finney-smith/1627827"
"2019-12-01 00:00:00","Dallas Mavericks","11","Tim Hardaway Jr.","Guard-Forward","6 ft 5 in","205 lbs","https://www.nba.com/players/tim/hardaway_jr./203501"
"2019-12-01 00:00:00","Dallas Mavericks","44","Justin Jackson","Forward","6 ft 7 in","220 lbs","https://www.nba.com/players/justin/jackson/1628382"
"2019-12-01 00:00:00","Dallas Mavericks","42","Maxi Kleber","Forward","6 ft 10 in","240 lbs","https://www.nba.com/players/maxi/kleber/1628467"
"2019-12-01 00:00:00","Dallas Mavericks","1","Courtney Lee","Guard","6 ft 5 in","215 lbs","https://www.nba.com/players/courtney/lee/201584"
"2019-12-01 00:00:00","Dallas Mavericks","51","Boban Marjanovic","Center","7 ft 4 in","290 lbs","https://www.nba.com/players/boban/marjanovic/1626246"
"2019-12-01 00:00:00","Dallas Mavericks","6","Kristaps Porzingis","Forward-Center","7 ft 3 in","240 lbs","https://www.nba.com/players/kristaps/porzingis/204001"
"2019-12-01 00:00:00","Dallas Mavericks","7","Dwight Powell","Forward-Center","6 ft 10 in","240 lbs","https://www.nba.com/players/dwight/powell/203939"
"2019-12-01 00:00:00","Dallas Mavericks","23","Josh Reaves","Guard-Forward","6 ft 4 in","214 lbs","https://www.nba.com/players/josh/reaves/1629729"
"2019-12-01 00:00:00","Dallas Mavericks","9","Isaiah Roby","Forward","6 ft 8 in","230 lbs","https://www.nba.com/players/isaiah/roby/1629676"
"2019-12-01 00:00:00","Dallas Mavericks","55","Delon Wright","Guard","6 ft 5 in","185 lbs","https://www.nba.com/players/delon/wright/1626153"
"2019-12-01 00:00:00","Denver Nuggets","5","Will Barton","Guard","6 ft 5 in","181 lbs","https://www.nba.com/players/will/barton/203115"
"2019-12-01 00:00:00","Denver Nuggets","25","Malik Beasley","Guard","6 ft 4 in","187 lbs","https://www.nba.com/players/malik/beasley/1627736"
"2019-12-01 00:00:00","Denver Nuggets","10","Bol Bol","Center-Forward","7 ft 2 in","220 lbs","https://www.nba.com/players/bol/bol/1629626"
"2019-12-01 00:00:00","Denver Nuggets","31","Vlatko Cancar","Forward","6 ft 8 in","236 lbs","https://www.nba.com/players/vlatko/cancar/1628427"
"2019-12-01 00:00:00","Denver Nuggets","3","Torrey Craig","Forward","6 ft 7 in","221 lbs","https://www.nba.com/players/torrey/craig/1628470"
"2019-12-01 00:00:00","Denver Nuggets","35","PJ Dozier","Guard-Forward","6 ft 6 in","205 lbs","https://www.nba.com/players/pj/dozier/1628408"
"2019-12-01 00:00:00","Denver Nuggets","9","Jerami Grant","Forward","6 ft 8 in","210 lbs","https://www.nba.com/players/jerami/grant/203924"
"2019-12-01 00:00:00","Denver Nuggets","14","Gary Harris","Guard","6 ft 4 in","210 lbs","https://www.nba.com/players/gary/harris/203914"
"2019-12-01 00:00:00","Denver Nuggets","41","Juancho Hernangomez","Forward","6 ft 9 in","214 lbs","https://www.nba.com/players/juancho/hernangomez/1627823"
"2019-12-01 00:00:00","Denver Nuggets","15","Nikola Jokic","Center","7 ft 0 in","284 lbs","https://www.nba.com/players/nikola/jokic/203999"
"2019-12-01 00:00:00","Denver Nuggets","4","Paul Millsap","Forward","6 ft 7 in","257 lbs","https://www.nba.com/players/paul/millsap/200794"
"2019-12-01 00:00:00","Denver Nuggets","11","Monte Morris","Guard","6 ft 2 in","183 lbs","https://www.nba.com/players/monte/morris/1628420"
"2019-12-01 00:00:00","Denver Nuggets","27","Jamal Murray","Guard","6 ft 4 in","215 lbs","https://www.nba.com/players/jamal/murray/1627750"
"2019-12-01 00:00:00","Denver Nuggets","24","Mason Plumlee","Forward-Center","6 ft 11 in","254 lbs","https://www.nba.com/players/mason/plumlee/203486"
"2019-12-01 00:00:00","Denver Nuggets","1","Michael Porter Jr.","Forward","6 ft 10 in","218 lbs","https://www.nba.com/players/michael/porter_jr./1629008"
"2019-12-01 00:00:00","Denver Nuggets","8","Jarred Vanderbilt","Forward","6 ft 9 in","214 lbs","https://www.nba.com/players/jarred/vanderbilt/1629020"
"2019-12-01 00:00:00","Detroit Pistons","18","Jordan Bone","Guard","6 ft 3 in","180 lbs","https://www.nba.com/players/jordan/bone/1629648"
"2019-12-01 00:00:00","Detroit Pistons","6","Bruce Brown","Guard-Forward","6 ft 4 in","202 lbs","https://www.nba.com/players/bruce/brown/1628971"
"2019-12-01 00:00:00","Detroit Pistons","45","Sekou Doumbouya","Forward","6 ft 8 in","230 lbs","https://www.nba.com/players/sekou/doumbouya/1629635"
"2019-12-01 00:00:00","Detroit Pistons","0","Andre Drummond","Center","6 ft 10 in","279 lbs","https://www.nba.com/players/andre/drummond/203083"
"2019-12-01 00:00:00","Detroit Pistons","12","Tim Frazier","Guard","6 ft 0 in","170 lbs","https://www.nba.com/players/tim/frazier/204025"
"2019-12-01 00:00:00","Detroit Pistons","9","Langston Galloway","Guard","6 ft 1 in","200 lbs","https://www.nba.com/players/langston/galloway/204038"
"2019-12-01 00:00:00","Detroit Pistons","23","Blake Griffin","Forward","6 ft 9 in","250 lbs","https://www.nba.com/players/blake/griffin/201933"
"2019-12-01 00:00:00","Detroit Pistons","1","Reggie Jackson","Guard","6 ft 3 in","208 lbs","https://www.nba.com/players/reggie/jackson/202704"
"2019-12-01 00:00:00","Detroit Pistons","5","Luke Kennard","Guard","6 ft 5 in","206 lbs","https://www.nba.com/players/luke/kennard/1628379"
"2019-12-01 00:00:00","Detroit Pistons","14","Louis King","Forward","6 ft 7 in","205 lbs","https://www.nba.com/players/louis/king/1629663"
"2019-12-01 00:00:00","Detroit Pistons","7","Thon Maker","Forward-Center","7 ft 0 in","221 lbs","https://www.nba.com/players/thon/maker/1627748"
"2019-12-01 00:00:00","Detroit Pistons","8","Markieff Morris","Forward","6 ft 8 in","245 lbs","https://www.nba.com/players/markieff/morris/202693"
"2019-12-01 00:00:00","Detroit Pistons","19","Svi Mykhailiuk","Guard-Forward","6 ft 7 in","205 lbs","https://www.nba.com/players/svi/mykhailiuk/1629004"
"2019-12-01 00:00:00","Detroit Pistons","25","Derrick Rose","Guard","6 ft 2 in","200 lbs","https://www.nba.com/players/derrick/rose/201565"
"2019-12-01 00:00:00","Detroit Pistons","17","Tony Snell","Guard","6 ft 6 in","213 lbs","https://www.nba.com/players/tony/snell/203503"
"2019-12-01 00:00:00","Detroit Pistons","13","Khyri Thomas","Guard","6 ft 3 in","210 lbs","https://www.nba.com/players/khyri/thomas/1629017"
"2019-12-01 00:00:00","Detroit Pistons","35","Christian Wood","Forward","6 ft 10 in","214 lbs","https://www.nba.com/players/christian/wood/1626174"
"2019-12-01 00:00:00","Golden State Warriors","12","Ky Bowman","Guard","6 ft 1 in","187 lbs","https://www.nba.com/players/ky/bowman/1629065"
"2019-12-01 00:00:00","Golden State Warriors","8","Alec Burks","Guard","6 ft 6 in","214 lbs","https://www.nba.com/players/alec/burks/202692"
"2019-12-01 00:00:00","Golden State Warriors","2","Willie Cauley-Stein","Center","7 ft 0 in","240 lbs","https://www.nba.com/players/willie/cauley-stein/1626161"
"2019-12-01 00:00:00","Golden State Warriors","32","Marquese Chriss","Forward","6 ft 9 in","240 lbs","https://www.nba.com/players/marquese/chriss/1627737"
"2019-12-01 00:00:00","Golden State Warriors","30","Stephen Curry","Guard","6 ft 3 in","185 lbs","https://www.nba.com/players/stephen/curry/201939"
"2019-12-01 00:00:00","Golden State Warriors","10","Jacob Evans","Guard-Forward","6 ft 4 in","210 lbs","https://www.nba.com/players/jacob/evans/1628980"
"2019-12-01 00:00:00","Golden State Warriors","23","Draymond Green","Forward","6 ft 6 in","230 lbs","https://www.nba.com/players/draymond/green/203110"
"2019-12-01 00:00:00","Golden State Warriors","1","Damion Lee","Guard-Forward","6 ft 5 in","210 lbs","https://www.nba.com/players/damion/lee/1627814"
"2019-12-01 00:00:00","Golden State Warriors","5","Kevon Looney","Forward","6 ft 9 in","222 lbs","https://www.nba.com/players/kevon/looney/1626172"
"2019-12-01 00:00:00","Golden State Warriors","7","Eric Paschall","Forward","6 ft 6 in","255 lbs","https://www.nba.com/players/eric/paschall/1629672"
"2019-12-01 00:00:00","Golden State Warriors","3","Jordan Poole","Guard","6 ft 4 in","194 lbs","https://www.nba.com/players/jordan/poole/1629673"
"2019-12-01 00:00:00","Golden State Warriors","22","Glenn Robinson III","Forward","6 ft 6 in","222 lbs","https://www.nba.com/players/glenn/robinson_iii/203922"
"2019-12-01 00:00:00","Golden State Warriors","0","D'Angelo Russell","Guard","6 ft 4 in","193 lbs","https://www.nba.com/players/d'angelo/russell/1626156"
"2019-12-01 00:00:00","Golden State Warriors","6","Alen Smailagic","Forward","6 ft 10 in","215 lbs","https://www.nba.com/players/alen/smailagic/1629346"
"2019-12-01 00:00:00","Golden State Warriors","4","Omari Spellman","Forward","6 ft 8 in","245 lbs","https://www.nba.com/players/omari/spellman/1629016"
"2019-12-01 00:00:00","Golden State Warriors","11","Klay Thompson","Guard","6 ft 6 in","215 lbs","https://www.nba.com/players/klay/thompson/202691"
"2019-12-01 00:00:00","Houston Rockets","15","Clint Capela","Center","6 ft 10 in","240 lbs","https://www.nba.com/players/clint/capela/203991"
"2019-12-01 00:00:00","Houston Rockets","19","Tyson Chandler","Center","7 ft 0 in","235 lbs","https://www.nba.com/players/tyson/chandler/2199"
"2019-12-01 00:00:00","Houston Rockets","6","Gary Clark","Forward","6 ft 6 in","225 lbs","https://www.nba.com/players/gary/clark/1629109"
"2019-12-01 00:00:00","Houston Rockets","3","Chris Clemons","Guard","5 ft 9 in","180 lbs","https://www.nba.com/players/chris/clemons/1629598"
"2019-12-01 00:00:00","Houston Rockets","21","Michael Frazier","Guard","6 ft 3 in","200 lbs","https://www.nba.com/players/michael/frazier/1626187"
"2019-12-01 00:00:00","Houston Rockets","10","Eric Gordon","Guard","6 ft 3 in","215 lbs","https://www.nba.com/players/eric/gordon/201569"
"2019-12-01 00:00:00","Houston Rockets","14","Gerald Green","Guard-Forward","6 ft 6 in","205 lbs","https://www.nba.com/players/gerald/green/101123"
"2019-12-01 00:00:00","Houston Rockets","13","James Harden","Guard","6 ft 5 in","220 lbs","https://www.nba.com/players/james/harden/201935"
"2019-12-01 00:00:00","Houston Rockets","55","Isaiah Hartenstein","Center-Forward","7 ft 0 in","250 lbs","https://www.nba.com/players/isaiah/hartenstein/1628392"
"2019-12-01 00:00:00","Houston Rockets","4","Danuel House Jr.","Forward-Guard","6 ft 6 in","220 lbs","https://www.nba.com/players/danuel/house_jr./1627863"
"2019-12-01 00:00:00","Houston Rockets","16","Ben McLemore","Guard","6 ft 3 in","195 lbs","https://www.nba.com/players/ben/mclemore/203463"
"2019-12-01 00:00:00","Houston Rockets","42","Nene ","Center-Forward","6 ft 11 in","250 lbs","https://www.nba.com/players/nene/2403"
"2019-12-01 00:00:00","Houston Rockets","25","Austin Rivers","Guard","6 ft 3 in","200 lbs","https://www.nba.com/players/austin/rivers/203085"
"2019-12-01 00:00:00","Houston Rockets","18","Thabo Sefolosha","Forward-Guard","6 ft 6 in","215 lbs","https://www.nba.com/players/thabo/sefolosha/200757"
"2019-12-01 00:00:00","Houston Rockets","17","P.J. Tucker","Forward","6 ft 5 in","245 lbs","https://www.nba.com/players/p.j./tucker/200782"
"2019-12-01 00:00:00","Houston Rockets","0","Russell Westbrook","Guard","6 ft 3 in","200 lbs","https://www.nba.com/players/russell/westbrook/201566"
"2019-12-01 00:00:00","Indiana Pacers","88","Goga Bitadze","Center-Forward","6 ft 11 in","250 lbs","https://www.nba.com/players/goga/bitadze/1629048"
"2019-12-01 00:00:00","Indiana Pacers","10","Brian Bowen II","Forward-Guard","6 ft 6 in","190 lbs","https://www.nba.com/players/brian/bowen_ii/1628968"
"2019-12-01 00:00:00","Indiana Pacers","7","Malcolm Brogdon","Guard","6 ft 5 in","229 lbs","https://www.nba.com/players/malcolm/brogdon/1627763"
"2019-12-01 00:00:00","Indiana Pacers","3","Aaron Holiday","Guard","6 ft 0 in","185 lbs","https://www.nba.com/players/aaron/holiday/1628988"
"2019-12-01 00:00:00","Indiana Pacers","8","Justin Holiday","Forward-Guard","6 ft 6 in","180 lbs","https://www.nba.com/players/justin/holiday/203200"
"2019-12-01 00:00:00","Indiana Pacers","24","Alize Johnson","Forward","6 ft 7 in","212 lbs","https://www.nba.com/players/alize/johnson/1628993"
"2019-12-01 00:00:00","Indiana Pacers","26","Jeremy Lamb","Guard-Forward","6 ft 5 in","180 lbs","https://www.nba.com/players/jeremy/lamb/203087"
"2019-12-01 00:00:00","Indiana Pacers","22","TJ Leaf","Forward","6 ft 10 in","222 lbs","https://www.nba.com/players/tj/leaf/1628388"
"2019-12-01 00:00:00","Indiana Pacers","9","T.J. McConnell","Guard","6 ft 1 in","190 lbs","https://www.nba.com/players/t.j./mcconnell/204456"
"2019-12-01 00:00:00","Indiana Pacers","20","Doug McDermott","Forward","6 ft 7 in","225 lbs","https://www.nba.com/players/doug/mcdermott/203926"
"2019-12-01 00:00:00","Indiana Pacers","15","Naz Mitrou-Long","Guard","6 ft 3 in","218 lbs","https://www.nba.com/players/naz/mitrou-long/1628513"
"2019-12-01 00:00:00","Indiana Pacers","4","Victor Oladipo","Guard","6 ft 4 in","213 lbs","https://www.nba.com/players/victor/oladipo/203506"
"2019-12-01 00:00:00","Indiana Pacers","11","Domantas Sabonis","Forward-Center","6 ft 11 in","240 lbs","https://www.nba.com/players/domantas/sabonis/1627734"
"2019-12-01 00:00:00","Indiana Pacers","14","JaKarr Sampson","Forward","6 ft 7 in","214 lbs","https://www.nba.com/players/jakarr/sampson/203960"
"2019-12-01 00:00:00","Indiana Pacers","5","Edmond Sumner","Guard","6 ft 4 in","196 lbs","https://www.nba.com/players/edmond/sumner/1628410"
"2019-12-01 00:00:00","Indiana Pacers","33","Myles Turner","Center-Forward","6 ft 11 in","250 lbs","https://www.nba.com/players/myles/turner/1626167"
"2019-12-01 00:00:00","Indiana Pacers","1","T.J. Warren","Forward","6 ft 8 in","220 lbs","https://www.nba.com/players/t.j./warren/203933"
"2019-12-01 00:00:00","LA Clippers","21","Patrick Beverley","Guard","6 ft 1 in","180 lbs","https://www.nba.com/players/patrick/beverley/201976"
"2019-12-01 00:00:00","LA Clippers","7","Amir Coffey","Guard-Forward","6 ft 7 in","210 lbs","https://www.nba.com/players/amir/coffey/1629599"
"2019-12-01 00:00:00","LA Clippers","13","Paul George","Forward","6 ft 8 in","220 lbs","https://www.nba.com/players/paul/george/202331"
"2019-12-01 00:00:00","LA Clippers","4","JaMychal Green","Forward-Center","6 ft 8 in","227 lbs","https://www.nba.com/players/jamychal/green/203210"
"2019-12-01 00:00:00","LA Clippers","8","Maurice Harkless","Forward-Guard","6 ft 7 in","220 lbs","https://www.nba.com/players/maurice/harkless/203090"
"2019-12-01 00:00:00","LA Clippers","5","Montrezl Harrell","Forward-Center","6 ft 7 in","240 lbs","https://www.nba.com/players/montrezl/harrell/1626149"
"2019-12-01 00:00:00","LA Clippers","25","Mfiondu Kabengele","Forward-Center","6 ft 9 in","250 lbs","https://www.nba.com/players/mfiondu/kabengele/1629662"
"2019-12-01 00:00:00","LA Clippers","2","Kawhi Leonard","Forward","6 ft 7 in","225 lbs","https://www.nba.com/players/kawhi/leonard/202695"
"2019-12-01 00:00:00","LA Clippers","14","Terance Mann","Guard-Forward","6 ft 5 in","215 lbs","https://www.nba.com/players/terance/mann/1629611"
"2019-12-01 00:00:00","LA Clippers","19","Rodney McGruder","Guard","6 ft 4 in","205 lbs","https://www.nba.com/players/rodney/mcgruder/203585"
"2019-12-01 00:00:00","LA Clippers","15","Johnathan Motley","Forward","6 ft 8 in","230 lbs","https://www.nba.com/players/johnathan/motley/1628405"
"2019-12-01 00:00:00","LA Clippers","54","Patrick Patterson","Forward","6 ft 8 in","235 lbs","https://www.nba.com/players/patrick/patterson/202335"
"2019-12-01 00:00:00","LA Clippers","1","Jerome Robinson","Guard","6 ft 4 in","190 lbs","https://www.nba.com/players/jerome/robinson/1629010"
"2019-12-01 00:00:00","LA Clippers","20","Landry Shamet","Guard","6 ft 4 in","190 lbs","https://www.nba.com/players/landry/shamet/1629013"
"2019-12-01 00:00:00","LA Clippers","10","Derrick Walton Jr.","Guard","6 ft 0 in","185 lbs","https://www.nba.com/players/derrick/walton_jr./1628476"
"2019-12-01 00:00:00","LA Clippers","23","Lou Williams","Guard","6 ft 1 in","175 lbs","https://www.nba.com/players/lou/williams/101150"
"2019-12-01 00:00:00","LA Clippers","40","Ivica Zubac","Center","7 ft 0 in","240 lbs","https://www.nba.com/players/ivica/zubac/1627826"
"2019-12-01 00:00:00","Los Angeles Lakers","37","Kostas Antetokounmpo","Forward","6 ft 10 in","200 lbs","https://www.nba.com/players/kostas/antetokounmpo/1628961"
"2019-12-01 00:00:00","Los Angeles Lakers","11","Avery Bradley","Guard","6 ft 3 in","180 lbs","https://www.nba.com/players/avery/bradley/202340"
"2019-12-01 00:00:00","Los Angeles Lakers","1","Kentavious Caldwell-Pope","Guard","6 ft 5 in","204 lbs","https://www.nba.com/players/kentavious/caldwell-pope/203484"
"2019-12-01 00:00:00","Los Angeles Lakers","4","Alex Caruso","Guard","6 ft 5 in","186 lbs","https://www.nba.com/players/alex/caruso/1627936"
"2019-12-01 00:00:00","Los Angeles Lakers","2","Quinn Cook","Guard","6 ft 1 in","180 lbs","https://www.nba.com/players/quinn/cook/1626188"
"2019-12-01 00:00:00","Los Angeles Lakers","15","DeMarcus Cousins","Center","6 ft 10 in","270 lbs","https://www.nba.com/players/demarcus/cousins/202326"
"2019-12-01 00:00:00","Los Angeles Lakers","30","Troy Daniels","Guard","6 ft 4 in","200 lbs","https://www.nba.com/players/troy/daniels/203584"
"2019-12-01 00:00:00","Los Angeles Lakers","3","Anthony Davis","Forward-Center","6 ft 10 in","253 lbs","https://www.nba.com/players/anthony/davis/203076"
"2019-12-01 00:00:00","Los Angeles Lakers","10","Jared Dudley","Forward","6 ft 6 in","237 lbs","https://www.nba.com/players/jared/dudley/201162"
"2019-12-01 00:00:00","Los Angeles Lakers","14","Danny Green","Guard","6 ft 6 in","215 lbs","https://www.nba.com/players/danny/green/201980"
"2019-12-01 00:00:00","Los Angeles Lakers","5","Talen Horton-Tucker","Guard","6 ft 4 in","234 lbs","https://www.nba.com/players/talen/horton-tucker/1629659"
"2019-12-01 00:00:00","Los Angeles Lakers","39","Dwight Howard","Center-Forward","6 ft 10 in","265 lbs","https://www.nba.com/players/dwight/howard/2730"
"2019-12-01 00:00:00","Los Angeles Lakers","23","LeBron James","Forward","6 ft 9 in","250 lbs","https://www.nba.com/players/lebron/james/2544"
"2019-12-01 00:00:00","Los Angeles Lakers","0","Kyle Kuzma","Forward","6 ft 8 in","221 lbs","https://www.nba.com/players/kyle/kuzma/1628398"
"2019-12-01 00:00:00","Los Angeles Lakers","7","JaVale McGee","Center-Forward","7 ft 0 in","270 lbs","https://www.nba.com/players/javale/mcgee/201580"
"2019-12-01 00:00:00","Los Angeles Lakers","21","Zach Norvell Jr.","Guard-Forward","6 ft 5 in","205 lbs","https://www.nba.com/players/zach/norvell_jr./1629668"
"2019-12-01 00:00:00","Los Angeles Lakers","9","Rajon Rondo","Guard","6 ft 1 in","180 lbs","https://www.nba.com/players/rajon/rondo/200765"
"2019-12-01 00:00:00","Memphis Grizzlies","3","Grayson Allen","Guard","6 ft 4 in","198 lbs","https://www.nba.com/players/grayson/allen/1628960"
"2019-12-01 00:00:00","Memphis Grizzlies","1","Kyle Anderson","Forward-Guard","6 ft 9 in","230 lbs","https://www.nba.com/players/kyle/anderson/203937"
"2019-12-01 00:00:00","Memphis Grizzlies","24","Dillon Brooks","Guard-Forward","6 ft 7 in","225 lbs","https://www.nba.com/players/dillon/brooks/1628415"
"2019-12-01 00:00:00","Memphis Grizzlies","5","Bruno Caboclo","Forward","6 ft 9 in","218 lbs","https://www.nba.com/players/bruno/caboclo/203998"
"2019-12-01 00:00:00","Memphis Grizzlies","15","Brandon Clarke","Forward-Guard","6 ft 8 in","215 lbs","https://www.nba.com/players/brandon/clarke/1629634"
"2019-12-01 00:00:00","Memphis Grizzlies","99","Jae Crowder","Forward","6 ft 6 in","235 lbs","https://www.nba.com/players/jae/crowder/203109"
"2019-12-01 00:00:00","Memphis Grizzlies","23","Marko Guduric","Guard","6 ft 6 in","201 lbs","https://www.nba.com/players/marko/guduric/1629741"
"2019-12-01 00:00:00","Memphis Grizzlies","44","Solomon Hill","Forward","6 ft 6 in","226 lbs","https://www.nba.com/players/solomon/hill/203524"
"2019-12-01 00:00:00","Memphis Grizzlies","9","Andre Iguodala","Guard-Forward","6 ft 6 in","215 lbs","https://www.nba.com/players/andre/iguodala/2738"
"2019-12-01 00:00:00","Memphis Grizzlies","20","Josh Jackson","Guard-Forward","6 ft 8 in","207 lbs","https://www.nba.com/players/josh/jackson/1628367"
"2019-12-01 00:00:00","Memphis Grizzlies","13","Jaren Jackson Jr.","Forward-Center","6 ft 11 in","242 lbs","https://www.nba.com/players/jaren/jackson_jr./1628991"
"2019-12-01 00:00:00","Memphis Grizzlies","21","Tyus Jones","Guard","6 ft 0 in","196 lbs","https://www.nba.com/players/tyus/jones/1626145"
"2019-12-01 00:00:00","Memphis Grizzlies","46","John Konchar","Guard","6 ft 5 in","210 lbs","https://www.nba.com/players/john/konchar/1629723"
"2019-12-01 00:00:00","Memphis Grizzlies","0","De'Anthony Melton","Guard","6 ft 2 in","200 lbs","https://www.nba.com/players/de'anthony/melton/1629001"
"2019-12-01 00:00:00","Memphis Grizzlies","12","Ja Morant","Guard","6 ft 3 in","174 lbs","https://www.nba.com/players/ja/morant/1629630"
"2019-12-01 00:00:00","Memphis Grizzlies","17","Jonas Valanciunas","Center","6 ft 11 in","265 lbs","https://www.nba.com/players/jonas/valanciunas/202685"
"2019-12-01 00:00:00","Memphis Grizzlies","18","Yuta Watanabe","Guard-Forward","6 ft 8 in","215 lbs","https://www.nba.com/players/yuta/watanabe/1629139"
"2019-12-01 00:00:00","Miami Heat","13","Bam Adebayo","Center-Forward","6 ft 9 in","255 lbs","https://www.nba.com/players/bam/adebayo/1628389"
"2019-12-01 00:00:00","Miami Heat","22","Jimmy Butler","Forward","6 ft 7 in","230 lbs","https://www.nba.com/players/jimmy/butler/202710"
"2019-12-01 00:00:00","Miami Heat","7","Goran Dragic","Guard","6 ft 3 in","190 lbs","https://www.nba.com/players/goran/dragic/201609"
"2019-12-01 00:00:00","Miami Heat","40","Udonis Haslem","Forward","6 ft 8 in","235 lbs","https://www.nba.com/players/udonis/haslem/2617"
"2019-12-01 00:00:00","Miami Heat","14","Tyler Herro","Guard","6 ft 5 in","195 lbs","https://www.nba.com/players/tyler/herro/1629639"
"2019-12-01 00:00:00","Miami Heat","16","James Johnson","Forward","6 ft 7 in","240 lbs","https://www.nba.com/players/james/johnson/201949"
"2019-12-01 00:00:00","Miami Heat","5","Derrick Jones Jr.","Forward","6 ft 6 in","210 lbs","https://www.nba.com/players/derrick/jones_jr./1627884"
"2019-12-01 00:00:00","Miami Heat","0","Meyers Leonard","Forward-Center","7 ft 0 in","260 lbs","https://www.nba.com/players/meyers/leonard/203086"
"2019-12-01 00:00:00","Miami Heat","15","Daryl Macon","Guard","6 ft 2 in","185 lbs","https://www.nba.com/players/daryl/macon/1629133"
"2019-12-01 00:00:00","Miami Heat","25","Kendrick Nunn","Guard","6 ft 2 in","190 lbs","https://www.nba.com/players/kendrick/nunn/1629134"
"2019-12-01 00:00:00","Miami Heat","4","KZ Okpala","Forward-Guard","6 ft 8 in","215 lbs","https://www.nba.com/players/kz/okpala/1629644"
"2019-12-01 00:00:00","Miami Heat","9","Kelly Olynyk","Forward-Center","6 ft 11 in","240 lbs","https://www.nba.com/players/kelly/olynyk/203482"
"2019-12-01 00:00:00","Miami Heat","55","Duncan Robinson","Forward","6 ft 7 in","215 lbs","https://www.nba.com/players/duncan/robinson/1629130"
"2019-12-01 00:00:00","Miami Heat","30","Chris Silva","Forward","6 ft 8 in","234 lbs","https://www.nba.com/players/chris/silva/1629735"
"2019-12-01 00:00:00","Miami Heat","11","Dion Waiters","Guard","6 ft 3 in","210 lbs","https://www.nba.com/players/dion/waiters/203079"
"2019-12-01 00:00:00","Miami Heat","20","Justise Winslow","Forward-Guard","6 ft 6 in","222 lbs","https://www.nba.com/players/justise/winslow/1626159"
"2019-12-01 00:00:00","Milwaukee Bucks","34","Giannis Antetokounmpo","Forward","6 ft 11 in","242 lbs","https://www.nba.com/players/giannis/antetokounmpo/203507"
"2019-12-01 00:00:00","Milwaukee Bucks","43","Thanasis Antetokounmpo","Forward","6 ft 6 in","219 lbs","https://www.nba.com/players/thanasis/antetokounmpo/203648"
"2019-12-01 00:00:00","Milwaukee Bucks","17","Dragan Bender","Forward","7 ft 0 in","249 lbs","https://www.nba.com/players/dragan/bender/1627733"
"2019-12-01 00:00:00","Milwaukee Bucks","6","Eric Bledsoe","Guard","6 ft 1 in","214 lbs","https://www.nba.com/players/eric/bledsoe/202339"
"2019-12-01 00:00:00","Milwaukee Bucks","23","Sterling Brown","Guard-Forward","6 ft 5 in","219 lbs","https://www.nba.com/players/sterling/brown/1628425"
"2019-12-01 00:00:00","Milwaukee Bucks","24","Pat Connaughton","Guard","6 ft 5 in","209 lbs","https://www.nba.com/players/pat/connaughton/1626192"
"2019-12-01 00:00:00","Milwaukee Bucks","0","Donte DiVincenzo","Guard","6 ft 4 in","203 lbs","https://www.nba.com/players/donte/divincenzo/1628978"
"2019-12-01 00:00:00","Milwaukee Bucks","3","George Hill","Guard","6 ft 3 in","188 lbs","https://www.nba.com/players/george/hill/201588"
"2019-12-01 00:00:00","Milwaukee Bucks","7","Ersan Ilyasova","Forward","6 ft 9 in","235 lbs","https://www.nba.com/players/ersan/ilyasova/101141"
"2019-12-01 00:00:00","Milwaukee Bucks","26","Kyle Korver","Guard-Forward","6 ft 7 in","212 lbs","https://www.nba.com/players/kyle/korver/2594"
"2019-12-01 00:00:00","Milwaukee Bucks","11","Brook Lopez","Center","7 ft 0 in","282 lbs","https://www.nba.com/players/brook/lopez/201572"
"2019-12-01 00:00:00","Milwaukee Bucks","42","Robin Lopez","Center","7 ft 0 in","281 lbs","https://www.nba.com/players/robin/lopez/201577"
"2019-12-01 00:00:00","Milwaukee Bucks","15","Frank Mason","Guard","5 ft 11 in","190 lbs","https://www.nba.com/players/frank/mason/1628412"
"2019-12-01 00:00:00","Milwaukee Bucks","9","Wesley Matthews","Guard","6 ft 4 in","220 lbs","https://www.nba.com/players/wesley/matthews/202083"
"2019-12-01 00:00:00","Milwaukee Bucks","22","Khris Middleton","Forward","6 ft 7 in","222 lbs","https://www.nba.com/players/khris/middleton/203114"
"2019-12-01 00:00:00","Milwaukee Bucks","13","Cameron Reynolds","Guard-Forward","6 ft 7 in","225 lbs","https://www.nba.com/players/cameron/reynolds/1629244"
"2019-12-01 00:00:00","Milwaukee Bucks","5","D.J. Wilson","Forward","6 ft 10 in","231 lbs","https://www.nba.com/players/d.j./wilson/1628391"
"2019-12-01 00:00:00","Minnesota Timberwolves","31","Keita Bates-Diop","Forward","6 ft 8 in","229 lbs","https://www.nba.com/players/keita/bates-diop/1628966"
"2019-12-01 00:00:00","Minnesota Timberwolves","7","Jordan Bell","Forward","6 ft 8 in","216 lbs","https://www.nba.com/players/jordan/bell/1628395"
"2019-12-01 00:00:00","Minnesota Timberwolves","33","Robert Covington","Forward","6 ft 7 in","209 lbs","https://www.nba.com/players/robert/covington/203496"
"2019-12-01 00:00:00","Minnesota Timberwolves","23","Jarrett Culver","Guard-Forward","6 ft 6 in","195 lbs","https://www.nba.com/players/jarrett/culver/1629633"
"2019-12-01 00:00:00","Minnesota Timberwolves","5","Gorgui Dieng","Center","6 ft 10 in","252 lbs","https://www.nba.com/players/gorgui/dieng/203476"
"2019-12-01 00:00:00","Minnesota Timberwolves","12","Treveon Graham","Guard-Forward","6 ft 5 in","219 lbs","https://www.nba.com/players/treveon/graham/1626203"
"2019-12-01 00:00:00","Minnesota Timberwolves","10","Jake Layman","Forward","6 ft 8 in","209 lbs","https://www.nba.com/players/jake/layman/1627774"
"2019-12-01 00:00:00","Minnesota Timberwolves","30","Kelan Martin","Forward","6 ft 5 in","230 lbs","https://www.nba.com/players/kelan/martin/1629103"
"2019-12-01 00:00:00","Minnesota Timberwolves","6","Jordan McLaughlin","Guard","5 ft 11 in","185 lbs","https://www.nba.com/players/jordan/mclaughlin/1629162"
"2019-12-01 00:00:00","Minnesota Timberwolves","13","Shabazz Napier","Guard","6 ft 0 in","175 lbs","https://www.nba.com/players/shabazz/napier/203894"
"2019-12-01 00:00:00","Minnesota Timberwolves","4","Jaylen Nowell","Guard","6 ft 4 in","201 lbs","https://www.nba.com/players/jaylen/nowell/1629669"
"2019-12-01 00:00:00","Minnesota Timberwolves","20","Josh Okogie","Guard","6 ft 4 in","213 lbs","https://www.nba.com/players/josh/okogie/1629006"
"2019-12-01 00:00:00","Minnesota Timberwolves","11","Naz Reid","Center-Forward","6 ft 9 in","264 lbs","https://www.nba.com/players/naz/reid/1629675"
"2019-12-01 00:00:00","Minnesota Timberwolves","0","Jeff Teague","Guard","6 ft 3 in","195 lbs","https://www.nba.com/players/jeff/teague/201952"
"2019-12-01 00:00:00","Minnesota Timberwolves","32","Karl-Anthony Towns","Center-Forward","6 ft 11 in","248 lbs","https://www.nba.com/players/karl-anthony/towns/1626157"
"2019-12-01 00:00:00","Minnesota Timberwolves","1","Noah Vonleh","Forward","6 ft 10 in","257 lbs","https://www.nba.com/players/noah/vonleh/203943"
"2019-12-01 00:00:00","Minnesota Timberwolves","22","Andrew Wiggins","Forward","6 ft 7 in","197 lbs","https://www.nba.com/players/andrew/wiggins/203952"
"2019-12-01 00:00:00","New Orleans Pelicans","0","Nickeil Alexander-Walker","Guard","6 ft 5 in","205 lbs","https://www.nba.com/players/nickeil/alexander-walker/1629638"
"2019-12-01 00:00:00","New Orleans Pelicans","2","Lonzo Ball","Guard","6 ft 6 in","190 lbs","https://www.nba.com/players/lonzo/ball/1628366"
"2019-12-01 00:00:00","New Orleans Pelicans","45","Zylan Cheatham","Forward","6 ft 5 in","220 lbs","https://www.nba.com/players/zylan/cheatham/1629597"
"2019-12-01 00:00:00","New Orleans Pelicans","22","Derrick Favors","Forward","6 ft 9 in","265 lbs","https://www.nba.com/players/derrick/favors/202324"
"2019-12-01 00:00:00","New Orleans Pelicans","5","Josh Gray","Guard","6 ft 0 in","180 lbs","https://www.nba.com/players/josh/gray/1627982"
"2019-12-01 00:00:00","New Orleans Pelicans","3","Josh Hart","Guard","6 ft 5 in","215 lbs","https://www.nba.com/players/josh/hart/1628404"
"2019-12-01 00:00:00","New Orleans Pelicans","10","Jaxson Hayes","Center-Forward","6 ft 11 in","220 lbs","https://www.nba.com/players/jaxson/hayes/1629637"
"2019-12-01 00:00:00","New Orleans Pelicans","11","Jrue Holiday","Guard","6 ft 3 in","205 lbs","https://www.nba.com/players/jrue/holiday/201950"
"2019-12-01 00:00:00","New Orleans Pelicans","14","Brandon Ingram","Forward","6 ft 7 in","190 lbs","https://www.nba.com/players/brandon/ingram/1627742"
"2019-12-01 00:00:00","New Orleans Pelicans","15","Frank Jackson","Guard","6 ft 3 in","205 lbs","https://www.nba.com/players/frank/jackson/1628402"
"2019-12-01 00:00:00","New Orleans Pelicans","20","Nicolo Melli","Forward","6 ft 9 in","236 lbs","https://www.nba.com/players/nicolo/melli/1629740"
"2019-12-01 00:00:00","New Orleans Pelicans","21","Darius Miller","Forward","6 ft 6 in","225 lbs","https://www.nba.com/players/darius/miller/203121"
"2019-12-01 00:00:00","New Orleans Pelicans","55","E'Twaun Moore","Guard","6 ft 3 in","191 lbs","https://www.nba.com/players/e'twaun/moore/202734"
"2019-12-01 00:00:00","New Orleans Pelicans","8","Jahlil Okafor","Center-Forward","6 ft 10 in","270 lbs","https://www.nba.com/players/jahlil/okafor/1626143"
"2019-12-01 00:00:00","New Orleans Pelicans","4","JJ Redick","Guard","6 ft 3 in","200 lbs","https://www.nba.com/players/jj/redick/200755"
"2019-12-01 00:00:00","New Orleans Pelicans","34","Kenrich Williams","Guard-Forward","6 ft 6 in","210 lbs","https://www.nba.com/players/kenrich/williams/1629026"
"2019-12-01 00:00:00","New Orleans Pelicans","1","Zion Williamson","Forward","6 ft 6 in","284 lbs","https://www.nba.com/players/zion/williamson/1629627"
"2019-12-01 00:00:00","New York Knicks","0","Kadeem Allen","Guard","6 ft 1 in","200 lbs","https://www.nba.com/players/kadeem/allen/1628443"
"2019-12-01 00:00:00","New York Knicks","9","RJ Barrett","Forward-Guard","6 ft 6 in","214 lbs","https://www.nba.com/players/rj/barrett/1629628"
"2019-12-01 00:00:00","New York Knicks","17","Ignas Brazdeikis","Forward","6 ft 6 in","221 lbs","https://www.nba.com/players/ignas/brazdeikis/1629649"
"2019-12-01 00:00:00","New York Knicks","25","Reggie Bullock","Guard-Forward","6 ft 6 in","205 lbs","https://www.nba.com/players/reggie/bullock/203493"
"2019-12-01 00:00:00","New York Knicks","21","Damyean Dotson","Guard","6 ft 5 in","210 lbs","https://www.nba.com/players/damyean/dotson/1628422"
"2019-12-01 00:00:00","New York Knicks","2","Wayne Ellington","Guard","6 ft 4 in","207 lbs","https://www.nba.com/players/wayne/ellington/201961"
"2019-12-01 00:00:00","New York Knicks","67","Taj Gibson","Forward","6 ft 9 in","232 lbs","https://www.nba.com/players/taj/gibson/201959"
"2019-12-01 00:00:00","New York Knicks","20","Kevin Knox II","Forward","6 ft 7 in","215 lbs","https://www.nba.com/players/kevin/knox_ii/1628995"
"2019-12-01 00:00:00","New York Knicks","13","Marcus Morris Sr.","Forward","6 ft 8 in","218 lbs","https://www.nba.com/players/marcus/morris_sr./202694"
"2019-12-01 00:00:00","New York Knicks","11","Frank Ntilikina","Guard","6 ft 4 in","200 lbs","https://www.nba.com/players/frank/ntilikina/1628373"
"2019-12-01 00:00:00","New York Knicks","6","Elfrid Payton","Guard","6 ft 3 in","195 lbs","https://www.nba.com/players/elfrid/payton/203901"
"2019-12-01 00:00:00","New York Knicks","1","Bobby Portis","Forward","6 ft 10 in","250 lbs","https://www.nba.com/players/bobby/portis/1626171"
"2019-12-01 00:00:00","New York Knicks","10","Ivan Rabb","Forward-Center","6 ft 10 in","220 lbs","https://www.nba.com/players/ivan/rabb/1628397"
"2019-12-01 00:00:00","New York Knicks","30","Julius Randle","Forward-Center","6 ft 8 in","250 lbs","https://www.nba.com/players/julius/randle/203944"
"2019-12-01 00:00:00","New York Knicks","23","Mitchell Robinson","Center-Forward","7 ft 0 in","240 lbs","https://www.nba.com/players/mitchell/robinson/1629011"
"2019-12-01 00:00:00","New York Knicks","5","Dennis Smith Jr.","Guard","6 ft 2 in","205 lbs","https://www.nba.com/players/dennis/smith_jr./1628372"
"2019-12-01 00:00:00","New York Knicks","14","Allonzo Trier","Guard","6 ft 4 in","200 lbs","https://www.nba.com/players/allonzo/trier/1629019"
"2019-12-01 00:00:00","Oklahoma City Thunder","12","Steven Adams","Center","6 ft 11 in","265 lbs","https://www.nba.com/players/steven/adams/203500"
"2019-12-01 00:00:00","Oklahoma City Thunder","7","Darius Bazley","Forward-Guard","6 ft 8 in","208 lbs","https://www.nba.com/players/darius/bazley/1629647"
"2019-12-01 00:00:00","Oklahoma City Thunder","30","Deonte Burton","Guard-Forward","6 ft 4 in","240 lbs","https://www.nba.com/players/deonte/burton/1629126"
"2019-12-01 00:00:00","Oklahoma City Thunder","6","Hamidou Diallo","Guard","6 ft 5 in","202 lbs","https://www.nba.com/players/hamidou/diallo/1628977"
"2019-12-01 00:00:00","Oklahoma City Thunder","5","Luguentz Dort","Guard","6 ft 3 in","215 lbs","https://www.nba.com/players/luguentz/dort/1629652"
"2019-12-01 00:00:00","Oklahoma City Thunder","23","Terrance Ferguson","Guard","6 ft 6 in","190 lbs","https://www.nba.com/players/terrance/ferguson/1628390"
"2019-12-01 00:00:00","Oklahoma City Thunder","8","Danilo Gallinari","Forward","6 ft 10 in","233 lbs","https://www.nba.com/players/danilo/gallinari/201568"
"2019-12-01 00:00:00","Oklahoma City Thunder","2","Shai Gilgeous-Alexander","Guard-Forward","6 ft 5 in","180 lbs","https://www.nba.com/players/shai/gilgeous-alexander/1628983"
"2019-12-01 00:00:00","Oklahoma City Thunder","22","Devon Hall","Guard","6 ft 2 in","215 lbs","https://www.nba.com/players/devon/hall/1628985"
"2019-12-01 00:00:00","Oklahoma City Thunder","33","Mike Muscala","Forward-Center","6 ft 10 in","240 lbs","https://www.nba.com/players/mike/muscala/203488"
"2019-12-01 00:00:00","Oklahoma City Thunder","11","Abdel Nader","Forward","6 ft 5 in","225 lbs","https://www.nba.com/players/abdel/nader/1627846"
"2019-12-01 00:00:00","Oklahoma City Thunder","9","Nerlens Noel","Center-Forward","6 ft 10 in","220 lbs","https://www.nba.com/players/nerlens/noel/203457"
"2019-12-01 00:00:00","Oklahoma City Thunder","13","Justin Patton","Center","6 ft 11 in","241 lbs","https://www.nba.com/players/justin/patton/1628383"
"2019-12-01 00:00:00","Oklahoma City Thunder","3","Chris Paul","Guard","6 ft 1 in","175 lbs","https://www.nba.com/players/chris/paul/101108"
"2019-12-01 00:00:00","Oklahoma City Thunder","21","Andre Roberson","Guard-Forward","6 ft 7 in","210 lbs","https://www.nba.com/players/andre/roberson/203460"
"2019-12-01 00:00:00","Oklahoma City Thunder","17","Dennis Schroder","Guard","6 ft 1 in","172 lbs","https://www.nba.com/players/dennis/schroder/203471"
"2019-12-01 00:00:00","Orlando Magic","2","Al-Farouq Aminu","Forward","6 ft 8 in","220 lbs","https://www.nba.com/players/al-farouq/aminu/202329"
"2019-12-01 00:00:00","Orlando Magic","14","D.J. Augustin","Guard","5 ft 11 in","183 lbs","https://www.nba.com/players/d.j./augustin/201571"
"2019-12-01 00:00:00","Orlando Magic","5","Mo Bamba","Center","7 ft 0 in","231 lbs","https://www.nba.com/players/mo/bamba/1628964"
"2019-12-01 00:00:00","Orlando Magic","24","Khem Birch","Center","6 ft 9 in","233 lbs","https://www.nba.com/players/khem/birch/203920"
"2019-12-01 00:00:00","Orlando Magic","7","Michael Carter-Williams","Guard","6 ft 5 in","190 lbs","https://www.nba.com/players/michael/carter-williams/203487"
"2019-12-01 00:00:00","Orlando Magic","10","Evan Fournier","Guard-Forward","6 ft 7 in","205 lbs","https://www.nba.com/players/evan/fournier/203095"
"2019-12-01 00:00:00","Orlando Magic","35","Melvin Frazier Jr.","Guard-Forward","6 ft 5 in","215 lbs","https://www.nba.com/players/melvin/frazier_jr./1628982"
"2019-12-01 00:00:00","Orlando Magic","20","Markelle Fultz","Guard","6 ft 3 in","209 lbs","https://www.nba.com/players/markelle/fultz/1628365"
"2019-12-01 00:00:00","Orlando Magic","00","Aaron Gordon","Forward","6 ft 8 in","235 lbs","https://www.nba.com/players/aaron/gordon/203932"
"2019-12-01 00:00:00","Orlando Magic","1","Jonathan Isaac","Forward","6 ft 11 in","230 lbs","https://www.nba.com/players/jonathan/isaac/1628371"
"2019-12-01 00:00:00","Orlando Magic","25","Wes Iwundu","Forward","6 ft 6 in","195 lbs","https://www.nba.com/players/wes/iwundu/1628411"
"2019-12-01 00:00:00","Orlando Magic","11","Amile Jefferson","Forward","6 ft 9 in","222 lbs","https://www.nba.com/players/amile/jefferson/1628518"
"2019-12-01 00:00:00","Orlando Magic","13","BJ Johnson","Forward","6 ft 7 in","200 lbs","https://www.nba.com/players/bj/johnson/1629168"
"2019-12-01 00:00:00","Orlando Magic","4","Josh Magette","Guard","6 ft 1 in","160 lbs","https://www.nba.com/players/josh/magette/203705"
"2019-12-01 00:00:00","Orlando Magic","8","Terrence Ross","Guard-Forward","6 ft 6 in","206 lbs","https://www.nba.com/players/terrence/ross/203082"
"2019-12-01 00:00:00","Orlando Magic","9","Nikola Vucevic","Center","6 ft 11 in","260 lbs","https://www.nba.com/players/nikola/vucevic/202696"
"2019-12-01 00:00:00","Philadelphia 76ers","43","Jonah Bolden","Forward","6 ft 8 in","225 lbs","https://www.nba.com/players/jonah/bolden/1628413"
"2019-12-01 00:00:00","Philadelphia 76ers","23","Trey Burke","Guard","6 ft 0 in","185 lbs","https://www.nba.com/players/trey/burke/203504"
"2019-12-01 00:00:00","Philadelphia 76ers","21","Joel Embiid","Center-Forward","7 ft 0 in","280 lbs","https://www.nba.com/players/joel/embiid/203954"
"2019-12-01 00:00:00","Philadelphia 76ers","11","James Ennis III","Forward","6 ft 6 in","215 lbs","https://www.nba.com/players/james/ennis_iii/203516"
"2019-12-01 00:00:00","Philadelphia 76ers","12","Tobias Harris","Forward","6 ft 8 in","226 lbs","https://www.nba.com/players/tobias/harris/202699"
"2019-12-01 00:00:00","Philadelphia 76ers","42","Al Horford","Center-Forward","6 ft 9 in","240 lbs","https://www.nba.com/players/al/horford/201143"
"2019-12-01 00:00:00","Philadelphia 76ers","30","Furkan Korkmaz","Guard-Forward","6 ft 7 in","202 lbs","https://www.nba.com/players/furkan/korkmaz/1627788"
"2019-12-01 00:00:00","Philadelphia 76ers","18","Shake Milton","Guard-Forward","6 ft 5 in","205 lbs","https://www.nba.com/players/shake/milton/1629003"
"2019-12-01 00:00:00","Philadelphia 76ers","19","Raul Neto","Guard","6 ft 1 in","180 lbs","https://www.nba.com/players/raul/neto/203526"
"2019-12-01 00:00:00","Philadelphia 76ers","9","Kyle O'Quinn","Center-Forward","6 ft 9 in","250 lbs","https://www.nba.com/players/kyle/o'quinn/203124"
"2019-12-01 00:00:00","Philadelphia 76ers","14","Norvel Pelle","Forward","6 ft 10 in","231 lbs","https://www.nba.com/players/norvel/pelle/203658"
"2019-12-01 00:00:00","Philadelphia 76ers","0","Josh Richardson","Guard","6 ft 5 in","200 lbs","https://www.nba.com/players/josh/richardson/1626196"
"2019-12-01 00:00:00","Philadelphia 76ers","1","Mike Scott","Forward","6 ft 7 in","237 lbs","https://www.nba.com/players/mike/scott/203118"
"2019-12-01 00:00:00","Philadelphia 76ers","35","Marial Shayok","Guard-Forward","6 ft 5 in","198 lbs","https://www.nba.com/players/marial/shayok/1629621"
"2019-12-01 00:00:00","Philadelphia 76ers","25","Ben Simmons","Guard-Forward","6 ft 10 in","240 lbs","https://www.nba.com/players/ben/simmons/1627732"
"2019-12-01 00:00:00","Philadelphia 76ers","8","Zhaire Smith","Guard","6 ft 3 in","205 lbs","https://www.nba.com/players/zhaire/smith/1629015"
"2019-12-01 00:00:00","Philadelphia 76ers","22","Matisse Thybulle","Guard-Forward","6 ft 5 in","201 lbs","https://www.nba.com/players/matisse/thybulle/1629680"
"2019-12-01 00:00:00","Phoenix Suns","22","Deandre Ayton","Center","6 ft 11 in","250 lbs","https://www.nba.com/players/deandre/ayton/1629028"
"2019-12-01 00:00:00","Phoenix Suns","46","Aron Baynes","Center-Forward","6 ft 10 in","260 lbs","https://www.nba.com/players/aron/baynes/203382"
"2019-12-01 00:00:00","Phoenix Suns","1","Devin Booker","Guard","6 ft 5 in","206 lbs","https://www.nba.com/players/devin/booker/1626164"
"2019-12-01 00:00:00","Phoenix Suns","25","Mikal Bridges","Forward","6 ft 6 in","209 lbs","https://www.nba.com/players/mikal/bridges/1628969"
"2019-12-01 00:00:00","Phoenix Suns","4","Jevon Carter","Guard","6 ft 1 in","200 lbs","https://www.nba.com/players/jevon/carter/1628975"
"2019-12-01 00:00:00","Phoenix Suns","14","Cheick Diallo","Forward-Center","6 ft 8 in","219 lbs","https://www.nba.com/players/cheick/diallo/1627767"
"2019-12-01 00:00:00","Phoenix Suns","12","Jared Harper","Guard","5 ft 11 in","175 lbs","https://www.nba.com/players/jared/harper/1629607"
"2019-12-01 00:00:00","Phoenix Suns","10","Ty Jerome","Guard-Forward","6 ft 5 in","195 lbs","https://www.nba.com/players/ty/jerome/1629660"
"2019-12-01 00:00:00","Phoenix Suns","23","Cameron Johnson","Forward","6 ft 8 in","210 lbs","https://www.nba.com/players/cameron/johnson/1629661"
"2019-12-01 00:00:00","Phoenix Suns","16","Tyler Johnson","Guard","6 ft 3 in","186 lbs","https://www.nba.com/players/tyler/johnson/204020"
"2019-12-01 00:00:00","Phoenix Suns","8","Frank Kaminsky","Forward-Center","7 ft 0 in","240 lbs","https://www.nba.com/players/frank/kaminsky/1626163"
"2019-12-01 00:00:00","Phoenix Suns","0","Jalen Lecque","Guard","6 ft 4 in","185 lbs","https://www.nba.com/players/jalen/lecque/1629665"
"2019-12-01 00:00:00","Phoenix Suns","2","Elie Okobo","Forward-Guard","6 ft 3 in","190 lbs","https://www.nba.com/players/elie/okobo/1629059"
"2019-12-01 00:00:00","Phoenix Suns","3","Kelly Oubre Jr.","Forward-Guard","6 ft 7 in","203 lbs","https://www.nba.com/players/kelly/oubre_jr./1626162"
"2019-12-01 00:00:00","Phoenix Suns","11","Ricky Rubio","Guard","6 ft 3 in","190 lbs","https://www.nba.com/players/ricky/rubio/201937"
"2019-12-01 00:00:00","Phoenix Suns","20","Dario Saric","Forward","6 ft 10 in","225 lbs","https://www.nba.com/players/dario/saric/203967"
"2019-12-01 00:00:00","Portland Trail Blazers","00","Carmelo Anthony","Forward","6 ft 8 in","238 lbs","https://www.nba.com/players/carmelo/anthony/2546"
"2019-12-01 00:00:00","Portland Trail Blazers","24","Kent Bazemore","Guard-Forward","6 ft 4 in","195 lbs","https://www.nba.com/players/kent/bazemore/203145"
"2019-12-01 00:00:00","Portland Trail Blazers","4","Moses Brown","Center","7 ft 2 in","245 lbs","https://www.nba.com/players/moses/brown/1629650"
"2019-12-01 00:00:00","Portland Trail Blazers","33","Zach Collins","Forward-Center","6 ft 11 in","250 lbs","https://www.nba.com/players/zach/collins/1628380"
"2019-12-01 00:00:00","Portland Trail Blazers","44","Mario Hezonja","Forward-Guard","6 ft 8 in","220 lbs","https://www.nba.com/players/mario/hezonja/1626209"
"2019-12-01 00:00:00","Portland Trail Blazers","6","Jaylen Hoard","Forward","6 ft 8 in","216 lbs","https://www.nba.com/players/jaylen/hoard/1629658"
"2019-12-01 00:00:00","Portland Trail Blazers","5","Rodney Hood","Guard-Forward","6 ft 8 in","208 lbs","https://www.nba.com/players/rodney/hood/203918"
"2019-12-01 00:00:00","Portland Trail Blazers","17","Skal Labissiere","Forward-Center","6 ft 10 in","235 lbs","https://www.nba.com/players/skal/labissiere/1627746"
"2019-12-01 00:00:00","Portland Trail Blazers","0","Damian Lillard","Guard","6 ft 2 in","195 lbs","https://www.nba.com/players/damian/lillard/203081"
"2019-12-01 00:00:00","Portland Trail Blazers","9","Nassir Little","Forward-Guard","6 ft 5 in","220 lbs","https://www.nba.com/players/nassir/little/1629642"
"2019-12-01 00:00:00","Portland Trail Blazers","3","CJ McCollum","Guard","6 ft 3 in","190 lbs","https://www.nba.com/players/cj/mccollum/203468"
"2019-12-01 00:00:00","Portland Trail Blazers","27","Jusuf Nurkic","Center","7 ft 0 in","290 lbs","https://www.nba.com/players/jusuf/nurkic/203994"
"2019-12-01 00:00:00","Portland Trail Blazers","1","Anfernee Simons","Guard","6 ft 3 in","181 lbs","https://www.nba.com/players/anfernee/simons/1629014"
"2019-12-01 00:00:00","Portland Trail Blazers","43","Anthony Tolliver","Forward","6 ft 8 in","240 lbs","https://www.nba.com/players/anthony/tolliver/201229"
"2019-12-01 00:00:00","Portland Trail Blazers","2","Gary Trent Jr.","Guard-Forward","6 ft 5 in","209 lbs","https://www.nba.com/players/gary/trent_jr./1629018"
"2019-12-01 00:00:00","Portland Trail Blazers","21","Hassan Whiteside","Center","7 ft 0 in","265 lbs","https://www.nba.com/players/hassan/whiteside/202355"
"2019-12-01 00:00:00","Sacramento Kings","0","Trevor Ariza","Forward","6 ft 8 in","215 lbs","https://www.nba.com/players/trevor/ariza/2772"
"2019-12-01 00:00:00","Sacramento Kings","35","Marvin Bagley III","Forward","6 ft 11 in","235 lbs","https://www.nba.com/players/marvin/bagley_iii/1628963"
"2019-12-01 00:00:00","Sacramento Kings","40","Harrison Barnes","Forward","6 ft 8 in","225 lbs","https://www.nba.com/players/harrison/barnes/203084"
"2019-12-01 00:00:00","Sacramento Kings","88","Nemanja Bjelica","Forward","6 ft 10 in","234 lbs","https://www.nba.com/players/nemanja/bjelica/202357"
"2019-12-01 00:00:00","Sacramento Kings","8","Bogdan Bogdanovic","Guard","6 ft 6 in","220 lbs","https://www.nba.com/players/bogdan/bogdanovic/203992"
"2019-12-01 00:00:00","Sacramento Kings","13","Dewayne Dedmon","Center","7 ft 0 in","245 lbs","https://www.nba.com/players/dewayne/dedmon/203473"
"2019-12-01 00:00:00","Sacramento Kings","3","Yogi Ferrell","Guard","6 ft 0 in","178 lbs","https://www.nba.com/players/yogi/ferrell/1627812"
"2019-12-01 00:00:00","Sacramento Kings","5","De'Aaron Fox","Guard","6 ft 3 in","185 lbs","https://www.nba.com/players/de'aaron/fox/1628368"
"2019-12-01 00:00:00","Sacramento Kings","32","Wenyen Gabriel","Forward","6 ft 9 in","205 lbs","https://www.nba.com/players/wenyen/gabriel/1629117"
"2019-12-01 00:00:00","Sacramento Kings","20","Harry Giles III","Forward-Center","6 ft 11 in","240 lbs","https://www.nba.com/players/harry/giles_iii/1628385"
"2019-12-01 00:00:00","Sacramento Kings","7","Kyle Guy","Guard","6 ft 1 in","167 lbs","https://www.nba.com/players/kyle/guy/1629657"
"2019-12-01 00:00:00","Sacramento Kings","24","Buddy Hield","Guard","6 ft 4 in","220 lbs","https://www.nba.com/players/buddy/hield/1627741"
"2019-12-01 00:00:00","Sacramento Kings","22","Richaun Holmes","Forward","6 ft 10 in","235 lbs","https://www.nba.com/players/richaun/holmes/1626158"
"2019-12-01 00:00:00","Sacramento Kings","10","Justin James","Guard-Forward","6 ft 7 in","190 lbs","https://www.nba.com/players/justin/james/1629713"
"2019-12-01 00:00:00","Sacramento Kings","19","DaQuan Jeffries","Guard-Forward","6 ft 5 in","230 lbs","https://www.nba.com/players/daquan/jeffries/1629610"
"2019-12-01 00:00:00","Sacramento Kings","9","Cory Joseph","Guard","6 ft 3 in","200 lbs","https://www.nba.com/players/cory/joseph/202709"
"2019-12-01 00:00:00","Sacramento Kings","50","Caleb Swanigan","Forward","6 ft 9 in","260 lbs","https://www.nba.com/players/caleb/swanigan/1628403"
"2019-12-01 00:00:00","San Antonio Spurs","12","LaMarcus Aldridge","Center-Forward","6 ft 11 in","250 lbs","https://www.nba.com/players/lamarcus/aldridge/200746"
"2019-12-01 00:00:00","San Antonio Spurs","18","Marco Belinelli","Guard","6 ft 5 in","220 lbs","https://www.nba.com/players/marco/belinelli/201158"
"2019-12-01 00:00:00","San Antonio Spurs","77","DeMarre Carroll","Forward","6 ft 6 in","215 lbs","https://www.nba.com/players/demarre/carroll/201960"
"2019-12-01 00:00:00","San Antonio Spurs","10","DeMar DeRozan","Guard-Forward","6 ft 6 in","220 lbs","https://www.nba.com/players/demar/derozan/201942"
"2019-12-01 00:00:00","San Antonio Spurs","14","Drew Eubanks","Forward-Center","6 ft 9 in","245 lbs","https://www.nba.com/players/drew/eubanks/1629234"
"2019-12-01 00:00:00","San Antonio Spurs","11","Bryn Forbes","Guard","6 ft 2 in","205 lbs","https://www.nba.com/players/bryn/forbes/1627854"
"2019-12-01 00:00:00","San Antonio Spurs","22","Rudy Gay","Forward-Guard","6 ft 8 in","250 lbs","https://www.nba.com/players/rudy/gay/200752"
"2019-12-01 00:00:00","San Antonio Spurs","3","Keldon Johnson","Forward-Guard","6 ft 5 in","220 lbs","https://www.nba.com/players/keldon/johnson/1629640"
"2019-12-01 00:00:00","San Antonio Spurs","41","Trey Lyles","Forward","6 ft 9 in","234 lbs","https://www.nba.com/players/trey/lyles/1626168"
"2019-12-01 00:00:00","San Antonio Spurs","7","Chimezie Metu","Forward-Center","6 ft 9 in","225 lbs","https://www.nba.com/players/chimezie/metu/1629002"
"2019-12-01 00:00:00","San Antonio Spurs","8","Patty Mills","Guard","6 ft 1 in","180 lbs","https://www.nba.com/players/patty/mills/201988"
"2019-12-01 00:00:00","San Antonio Spurs","5","Dejounte Murray","Guard","6 ft 4 in","180 lbs","https://www.nba.com/players/dejounte/murray/1627749"
"2019-12-01 00:00:00","San Antonio Spurs","25","Jakob Poeltl","Center","7 ft 1 in","245 lbs","https://www.nba.com/players/jakob/poeltl/1627751"
"2019-12-01 00:00:00","San Antonio Spurs","19","Luka Samanic","Forward","6 ft 10 in","227 lbs","https://www.nba.com/players/luka/samanic/1629677"
"2019-12-01 00:00:00","San Antonio Spurs","1","Lonnie Walker IV","Guard-Forward","6 ft 5 in","204 lbs","https://www.nba.com/players/lonnie/walker_iv/1629022"
"2019-12-01 00:00:00","San Antonio Spurs","15","Quinndary Weatherspoon","Guard","6 ft 3 in","205 lbs","https://www.nba.com/players/quinndary/weatherspoon/1629683"
"2019-12-01 00:00:00","San Antonio Spurs","4","Derrick White","Guard","6 ft 4 in","190 lbs","https://www.nba.com/players/derrick/white/1628401"
"2019-12-01 00:00:00","Toronto Raptors","3","OG Anunoby","Forward","6 ft 7 in","232 lbs","https://www.nba.com/players/og/anunoby/1628384"
"2019-12-01 00:00:00","Toronto Raptors","25","Chris Boucher","Forward-Center","6 ft 9 in","200 lbs","https://www.nba.com/players/chris/boucher/1628449"
"2019-12-01 00:00:00","Toronto Raptors","12","Oshae Brissett","Forward-Guard","6 ft 7 in","210 lbs","https://www.nba.com/players/oshae/brissett/1629052"
"2019-12-01 00:00:00","Toronto Raptors","0","Terence Davis","Guard","6 ft 4 in","201 lbs","https://www.nba.com/players/terence/davis/1629056"
"2019-12-01 00:00:00","Toronto Raptors","33","Marc Gasol","Center","6 ft 11 in","255 lbs","https://www.nba.com/players/marc/gasol/201188"
"2019-12-01 00:00:00","Toronto Raptors","20","Dewan Hernandez","Center-Forward","6 ft 10 in","235 lbs","https://www.nba.com/players/dewan/hernandez/1629608"
"2019-12-01 00:00:00","Toronto Raptors","4","Rondae Hollis-Jefferson","Forward","6 ft 6 in","217 lbs","https://www.nba.com/players/rondae/hollis-jefferson/1626178"
"2019-12-01 00:00:00","Toronto Raptors","9","Serge Ibaka","Forward","7 ft 0 in","235 lbs","https://www.nba.com/players/serge/ibaka/201586"
"2019-12-01 00:00:00","Toronto Raptors","5","Stanley Johnson","Forward-Guard","6 ft 6 in","242 lbs","https://www.nba.com/players/stanley/johnson/1626169"
"2019-12-01 00:00:00","Toronto Raptors","7","Kyle Lowry","Guard","6 ft 0 in","196 lbs","https://www.nba.com/players/kyle/lowry/200768"
"2019-12-01 00:00:00","Toronto Raptors","22","Patrick McCaw","Guard","6 ft 7 in","181 lbs","https://www.nba.com/players/patrick/mccaw/1627775"
"2019-12-01 00:00:00","Toronto Raptors","13","Malcolm Miller","Guard-Forward","6 ft 7 in","210 lbs","https://www.nba.com/players/malcolm/miller/1626259"
"2019-12-01 00:00:00","Toronto Raptors","11","Shamorie Ponds","Guard","6 ft 0 in","175 lbs","https://www.nba.com/players/shamorie/ponds/1629044"
"2019-12-01 00:00:00","Toronto Raptors","24","Norman Powell","Guard","6 ft 3 in","215 lbs","https://www.nba.com/players/norman/powell/1626181"
"2019-12-01 00:00:00","Toronto Raptors","43","Pascal Siakam","Forward","6 ft 9 in","230 lbs","https://www.nba.com/players/pascal/siakam/1627783"
"2019-12-01 00:00:00","Toronto Raptors","21","Matt Thomas","Guard","6 ft 4 in","190 lbs","https://www.nba.com/players/matt/thomas/1629744"
"2019-12-01 00:00:00","Toronto Raptors","23","Fred VanVleet","Guard","6 ft 1 in","197 lbs","https://www.nba.com/players/fred/vanvleet/1627832"
"2019-12-01 00:00:00","Utah Jazz","44","Bojan Bogdanovic","Forward","6 ft 8 in","226 lbs","https://www.nba.com/players/bojan/bogdanovic/202711"
"2019-12-01 00:00:00","Utah Jazz","13","Tony Bradley","Center-Forward","6 ft 10 in","248 lbs","https://www.nba.com/players/tony/bradley/1628396"
"2019-12-01 00:00:00","Utah Jazz","5","Jarrell Brantley","Forward","6 ft 5 in","250 lbs","https://www.nba.com/players/jarrell/brantley/1629714"
"2019-12-01 00:00:00","Utah Jazz","10","Mike Conley","Guard","6 ft 1 in","175 lbs","https://www.nba.com/players/mike/conley/201144"
"2019-12-01 00:00:00","Utah Jazz","17","Ed Davis","Center-Forward","6 ft 9 in","218 lbs","https://www.nba.com/players/ed/davis/202334"
"2019-12-01 00:00:00","Utah Jazz","11","Dante Exum","Guard","6 ft 5 in","214 lbs","https://www.nba.com/players/dante/exum/203957"
"2019-12-01 00:00:00","Utah Jazz","27","Rudy Gobert","Center","7 ft 1 in","258 lbs","https://www.nba.com/players/rudy/gobert/203497"
"2019-12-01 00:00:00","Utah Jazz","22","Jeff Green","Forward","6 ft 8 in","235 lbs","https://www.nba.com/players/jeff/green/201145"
"2019-12-01 00:00:00","Utah Jazz","2","Joe Ingles","Forward-Guard","6 ft 7 in","220 lbs","https://www.nba.com/players/joe/ingles/204060"
"2019-12-01 00:00:00","Utah Jazz","45","Donovan Mitchell","Guard","6 ft 1 in","215 lbs","https://www.nba.com/players/donovan/mitchell/1628378"
"2019-12-01 00:00:00","Utah Jazz","16","Juwan Morgan","Forward","6 ft 7 in","232 lbs","https://www.nba.com/players/juwan/morgan/1629752"
"2019-12-01 00:00:00","Utah Jazz","8","Emmanuel Mudiay","Guard","6 ft 3 in","200 lbs","https://www.nba.com/players/emmanuel/mudiay/1626144"
"2019-12-01 00:00:00","Utah Jazz","31","Georges Niang","Forward","6 ft 7 in","230 lbs","https://www.nba.com/players/georges/niang/1627777"
"2019-12-01 00:00:00","Utah Jazz","23","Royce O'Neale","Forward","6 ft 4 in","226 lbs","https://www.nba.com/players/royce/o'neale/1626220"
"2019-12-01 00:00:00","Utah Jazz","24","Miye Oni","Guard-Forward","6 ft 5 in","206 lbs","https://www.nba.com/players/miye/oni/1629671"
"2019-12-01 00:00:00","Utah Jazz","0","Nigel Williams-Goss","Guard","6 ft 2 in","190 lbs","https://www.nba.com/players/nigel/williams-goss/1628430"
"2019-12-01 00:00:00","Utah Jazz","3","Justin Wright-Foreman","Guard","6 ft 0 in","190 lbs","https://www.nba.com/players/justin/wright-foreman/1629625"
"2019-12-01 00:00:00","Washington Wizards","3","Bradley Beal","Guard","6 ft 3 in","207 lbs","https://www.nba.com/players/bradley/beal/203078"
"2019-12-01 00:00:00","Washington Wizards","42","Davis Bertans","Forward","6 ft 10 in","225 lbs","https://www.nba.com/players/davis/bertans/202722"
"2019-12-01 00:00:00","Washington Wizards","17","Isaac Bonga","Guard","6 ft 8 in","180 lbs","https://www.nba.com/players/isaac/bonga/1629067"
"2019-12-01 00:00:00","Washington Wizards","6","Troy Brown Jr.","Guard-Forward","6 ft 6 in","215 lbs","https://www.nba.com/players/troy/brown_jr./1628972"
"2019-12-01 00:00:00","Washington Wizards","13","Thomas Bryant","Center-Forward","6 ft 10 in","248 lbs","https://www.nba.com/players/thomas/bryant/1628418"
"2019-12-01 00:00:00","Washington Wizards","9","Chris Chiozza","Guard","5 ft 11 in","175 lbs","https://www.nba.com/players/chris/chiozza/1629185"
"2019-12-01 00:00:00","Washington Wizards","8","Rui Hachimura","Forward","6 ft 8 in","230 lbs","https://www.nba.com/players/rui/hachimura/1629060"
"2019-12-01 00:00:00","Washington Wizards","28","Ian Mahinmi","Center","6 ft 11 in","262 lbs","https://www.nba.com/players/ian/mahinmi/101133"
"2019-12-01 00:00:00","Washington Wizards","24","Garrison Mathews","Guard","6 ft 5 in","215 lbs","https://www.nba.com/players/garrison/mathews/1629726"
"2019-12-01 00:00:00","Washington Wizards","52","Jordan McRae","Guard","6 ft 5 in","179 lbs","https://www.nba.com/players/jordan/mcrae/203895"
"2019-12-01 00:00:00","Washington Wizards","34","CJ Miles","Guard","6 ft 6 in","220 lbs","https://www.nba.com/players/cj/miles/101139"
"2019-12-01 00:00:00","Washington Wizards","5","Justin Robinson","Guard","6 ft 1 in","195 lbs","https://www.nba.com/players/justin/robinson/1629620"
"2019-12-01 00:00:00","Washington Wizards","1","Admiral Schofield","Guard-Forward","6 ft 5 in","241 lbs","https://www.nba.com/players/admiral/schofield/1629678"
"2019-12-01 00:00:00","Washington Wizards","14","Ish Smith","Guard","6 ft 0 in","175 lbs","https://www.nba.com/players/ish/smith/202397"
"2019-12-01 00:00:00","Washington Wizards","4","Isaiah Thomas","Guard","5 ft 9 in","185 lbs","https://www.nba.com/players/isaiah/thomas/202738"
"2019-12-01 00:00:00","Washington Wizards","21","Moritz Wagner","Forward-Center","6 ft 11 in","245 lbs","https://www.nba.com/players/moritz/wagner/1629021"
"2019-12-01 00:00:00","Washington Wizards","2","John Wall","Guard","6 ft 4 in","210 lbs","https://www.nba.com/players/john/wall/202322"
